{"stats":{"minecraft:dropped":{"minecraft:torch":3,"minecraft:cobblestone":1,"minecraft:stone_pickaxe":1,"minecraft:wooden_pickaxe":1},"minecraft:crafted":{"minecraft:wooden_sword":1,"minecraft:crafting_table":1,"minecraft:stick":12,"minecraft:wooden_pickaxe":1,"minecraft:stone_pickaxe":2,"minecraft:wooden_axe":1,"minecraft:dark_oak_planks":24,"minecraft:torch":4,"minecraft:birch_planks":4,"ribbits:maraca":1},"minecraft:used":{"minecraft:wooden_axe":3,"minecraft:stone_pickaxe":3,"minecraft:birch_boat":1,"minecraft:wooden_pickaxe":17,"minecraft:wooden_sword":7,"minecraft:dirt":24,"minecraft:purple_bed":1,"minecraft:crafting_table":4,"minecraft:cod":5},"minecraft:mined":{"minecraft:purple_bed":2,"iceandfire:silver_ore":3,"minecraft:dark_oak_log":6,"minecraft:crafting_table":3,"minecraft:grass_block":2,"minecraft:coal_ore":1,"minecraft:dirt":1,"minecraft:stone":6},"minecraft:killed":{"minecraft:skeleton":1,"minecraft:zombie":1,"minecraft:drowned":2},"minecraft:picked_up":{"minecraft:wooden_axe":1,"minecraft:birch_log":1,"minecraft:crafting_table":3,"minecraft:stick":2,"minecraft:birch_boat":1,"minecraft:torch":6,"minecraft:wooden_pickaxe":2,"minecraft:dirt":30,"minecraft:dark_oak_log":12,"alexsmobs:animal_dictionary":2,"minecraft:dark_oak_planks":12,"minecraft:wooden_sword":1,"minecraft:purple_bed":2,"minecraft:arrow":2,"minecraft:bone":4,"minecraft:coal":1,"alexsmobs:flying_fish":1,"iceandfire:raw_silver":3,"minecraft:cobblestone":7},"minecraft:killed_by":{"iceandfire:sea_serpent":1,"minecraft:skeleton":1,"minecraft:creeper":1},"minecraft:custom":{"minecraft:time_since_rest":2776,"lootr:looted_stat":15,"minecraft:sprint_one_cm":34309,"minecraft:damage_taken":830,"minecraft:walk_one_cm":40700,"minecraft:mob_kills":4,"minecraft:drop":6,"minecraft:damage_dealt":685,"minecraft:traded_with_villager":1,"minecraft:swim_one_cm":9032,"minecraft:interact_with_crafting_table":6,"minecraft:fly_one_cm":42046,"minecraft:crouch_one_cm":3331,"minecraft:play_time":35999,"minecraft:deaths":3,"minecraft:sneak_time":1122,"minecraft:walk_under_water_one_cm":1265,"minecraft:boat_one_cm":156808,"minecraft:jump":323,"minecraft:interact_with_brewingstand":1,"minecraft:eat_cake_slice":3,"minecraft:leave_game":1,"minecraft:time_since_death":2753,"minecraft:walk_on_water_one_cm":5719,"minecraft:sleep_in_bed":2,"minecraft:climb_one_cm":2330,"minecraft:total_world_time":35999,"minecraft:fall_one_cm":11357}},"DataVersion":3465}