{"stats":{"minecraft:crafted":{"minecraft:birch_boat":1,"minecraft:birch_planks":16},"minecraft:dropped":{"alexsmobs:animal_dictionary":1,"minecraft:cobblestone":1,"minecraft:rotten_flesh":1},"minecraft:used":{"minecraft:birch_boat":1,"minecraft:gray_bed":3,"minecraft:egg":1},"minecraft:mined":{"minecraft:gray_bed":4,"minecraft:birch_leaves":1,"minecraft:crafting_table":1,"minecraft:grass_block":2,"minecraft:potted_white_tulip":1,"minecraft:sugar_cane":3},"minecraft:picked_up":{"minecraft:birch_log":4,"minecraft:crafting_table":1,"minecraft:flower_pot":1,"minecraft:torch":2,"minecraft:birch_planks":16,"alexsmobs:animal_dictionary":1,"minecraft:dirt":4,"minecraft:bone":2,"minecraft:rotten_flesh":1,"minecraft:white_tulip":1,"minecraft:stone_pickaxe":1,"minecraft:sugar_cane":12,"minecraft:gray_bed":4,"minecraft:cobblestone":1,"minecraft:egg":1},"minecraft:killed_by":{"iceandfire:sea_serpent":1,"minecraft:creeper":1,"minecraft:zombie":1},"minecraft:custom":{"minecraft:time_since_rest":2225,"lootr:looted_stat":20,"minecraft:sprint_one_cm":16176,"minecraft:damage_taken":770,"minecraft:walk_one_cm":87578,"minecraft:drop":3,"minecraft:damage_dealt":158,"minecraft:interact_with_crafting_table":4,"minecraft:swim_one_cm":5721,"minecraft:fly_one_cm":15440,"minecraft:crouch_one_cm":3258,"minecraft:play_time":30690,"minecraft:deaths":3,"minecraft:sneak_time":1571,"minecraft:walk_under_water_one_cm":641,"minecraft:boat_one_cm":168418,"minecraft:jump":208,"minecraft:interact_with_brewingstand":1,"minecraft:interact_with_blast_furnace":1,"minecraft:leave_game":2,"minecraft:walk_on_water_one_cm":4804,"minecraft:time_since_death":2216,"minecraft:sleep_in_bed":1,"minecraft:climb_one_cm":3136,"minecraft:total_world_time":30690,"minecraft:fall_one_cm":4843}},"DataVersion":3465}